--dummy data created with http://filldb.info/


--TABLE STRUCTURE FOR: PRODUCTS

--DROP TABLE IF EXISTS `PRODUCTS`;
--
--CREATE TABLE `PRODUCTS` (
--  `PRODUCT_ID` int(19) NOT NULL AUTO_INCREMENT,
--  `CATEGORY` varchar(255) COLLATE utf8_unicode_ci NOT NULL,
--  `PRODUCT_NAME` varchar(255) COLLATE utf8_unicode_ci NOT NULL,
--  PRIMARY KEY (`PRODUCT_ID`)
--) ENGINE=InnoDB AUTO_INCREMENT=31 DEFAULT CHARSET=utf8 COLLATE=utf8_unicode_ci;

INSERT INTO `PRODUCTS` (`PRODUCT_ID`, `CATEGORY`, `PRODUCT_NAME`) VALUES (1, 'excepturi', 'laborum');
INSERT INTO `PRODUCTS` (`PRODUCT_ID`, `CATEGORY`, `PRODUCT_NAME`) VALUES (2, 'ipsum', 'et');
INSERT INTO `PRODUCTS` (`PRODUCT_ID`, `CATEGORY`, `PRODUCT_NAME`) VALUES (3, 'qui', 'laboriosam');
INSERT INTO `PRODUCTS` (`PRODUCT_ID`, `CATEGORY`, `PRODUCT_NAME`) VALUES (4, 'molestias', 'deserunt');
INSERT INTO `PRODUCTS` (`PRODUCT_ID`, `CATEGORY`, `PRODUCT_NAME`) VALUES (5, 'porro', 'corrupti');
INSERT INTO `PRODUCTS` (`PRODUCT_ID`, `CATEGORY`, `PRODUCT_NAME`) VALUES (6, 'sint', 'voluptatem');
INSERT INTO `PRODUCTS` (`PRODUCT_ID`, `CATEGORY`, `PRODUCT_NAME`) VALUES (7, 'porro', 'minima');
INSERT INTO `PRODUCTS` (`PRODUCT_ID`, `CATEGORY`, `PRODUCT_NAME`) VALUES (8, 'porro', 'occaecati');
INSERT INTO `PRODUCTS` (`PRODUCT_ID`, `CATEGORY`, `PRODUCT_NAME`) VALUES (9, 'repellendus', 'vel');
INSERT INTO `PRODUCTS` (`PRODUCT_ID`, `CATEGORY`, `PRODUCT_NAME`) VALUES (10, 'quia', 'asperiores');
INSERT INTO `PRODUCTS` (`PRODUCT_ID`, `CATEGORY`, `PRODUCT_NAME`) VALUES (11, 'error', 'rem');
INSERT INTO `PRODUCTS` (`PRODUCT_ID`, `CATEGORY`, `PRODUCT_NAME`) VALUES (12, 'cupiditate', 'reiciendis');
INSERT INTO `PRODUCTS` (`PRODUCT_ID`, `CATEGORY`, `PRODUCT_NAME`) VALUES (13, 'id', 'quia');
INSERT INTO `PRODUCTS` (`PRODUCT_ID`, `CATEGORY`, `PRODUCT_NAME`) VALUES (14, 'id', 'in');
INSERT INTO `PRODUCTS` (`PRODUCT_ID`, `CATEGORY`, `PRODUCT_NAME`) VALUES (15, 'quaerat', 'sint');
INSERT INTO `PRODUCTS` (`PRODUCT_ID`, `CATEGORY`, `PRODUCT_NAME`) VALUES (16, 'distinctio', 'sit');
INSERT INTO `PRODUCTS` (`PRODUCT_ID`, `CATEGORY`, `PRODUCT_NAME`) VALUES (17, 'illum', 'cum');
INSERT INTO `PRODUCTS` (`PRODUCT_ID`, `CATEGORY`, `PRODUCT_NAME`) VALUES (18, 'praesentium', 'rerum');
INSERT INTO `PRODUCTS` (`PRODUCT_ID`, `CATEGORY`, `PRODUCT_NAME`) VALUES (19, 'nobis', 'adipisci');
INSERT INTO `PRODUCTS` (`PRODUCT_ID`, `CATEGORY`, `PRODUCT_NAME`) VALUES (20, 'qui', 'voluptas');
INSERT INTO `PRODUCTS` (`PRODUCT_ID`, `CATEGORY`, `PRODUCT_NAME`) VALUES (21, 'sed', 'exercitationem');
INSERT INTO `PRODUCTS` (`PRODUCT_ID`, `CATEGORY`, `PRODUCT_NAME`) VALUES (22, 'mollitia', 'dolorem');
INSERT INTO `PRODUCTS` (`PRODUCT_ID`, `CATEGORY`, `PRODUCT_NAME`) VALUES (23, 'at', 'qui');
INSERT INTO `PRODUCTS` (`PRODUCT_ID`, `CATEGORY`, `PRODUCT_NAME`) VALUES (24, 'aspernatur', 'recusandae');
INSERT INTO `PRODUCTS` (`PRODUCT_ID`, `CATEGORY`, `PRODUCT_NAME`) VALUES (25, 'aut', 'laboriosam');
INSERT INTO `PRODUCTS` (`PRODUCT_ID`, `CATEGORY`, `PRODUCT_NAME`) VALUES (26, 'ipsum', 'minus');
INSERT INTO `PRODUCTS` (`PRODUCT_ID`, `CATEGORY`, `PRODUCT_NAME`) VALUES (27, 'ex', 'ut');
INSERT INTO `PRODUCTS` (`PRODUCT_ID`, `CATEGORY`, `PRODUCT_NAME`) VALUES (28, 'dolore', 'voluptas');
INSERT INTO `PRODUCTS` (`PRODUCT_ID`, `CATEGORY`, `PRODUCT_NAME`) VALUES (29, 'dolor', 'expedita');
INSERT INTO `PRODUCTS` (`PRODUCT_ID`, `CATEGORY`, `PRODUCT_NAME`) VALUES (30, 'non', 'hic');


--TABLE STRUCTURE FOR: SUPPLIERS
--
--DROP TABLE IF EXISTS `SUPPLIERS`;
--
--CREATE TABLE `SUPPLIERS` (
--  `SUPPLIER_ID` int(19) NOT NULL AUTO_INCREMENT,
--  `CITY` varchar(255) COLLATE utf8_unicode_ci NOT NULL,
--  `SUPPLIER_NAME` varchar(255) COLLATE utf8_unicode_ci NOT NULL,
--  PRIMARY KEY (`SUPPLIER_ID`)
--) ENGINE=InnoDB AUTO_INCREMENT=101 DEFAULT CHARSET=utf8 COLLATE=utf8_unicode_ci;

INSERT INTO `SUPPLIERS` (`SUPPLIER_ID`, `CITY`, `SUPPLIER_NAME`) VALUES (1, 'South Reneefort', 'Shanahan and Sons');
INSERT INTO `SUPPLIERS` (`SUPPLIER_ID`, `CITY`, `SUPPLIER_NAME`) VALUES (2, 'Kuphalmouth', 'Feil PLC');
INSERT INTO `SUPPLIERS` (`SUPPLIER_ID`, `CITY`, `SUPPLIER_NAME`) VALUES (3, 'North Dovieshire', 'Hessel, Raynor and Kessler');
INSERT INTO `SUPPLIERS` (`SUPPLIER_ID`, `CITY`, `SUPPLIER_NAME`) VALUES (4, 'East Tristianside', 'Murray LLC');
INSERT INTO `SUPPLIERS` (`SUPPLIER_ID`, `CITY`, `SUPPLIER_NAME`) VALUES (5, 'Jacobiside', 'McGlynn, Von and Wiegand');
INSERT INTO `SUPPLIERS` (`SUPPLIER_ID`, `CITY`, `SUPPLIER_NAME`) VALUES (6, 'West Damon', 'McGlynn-Feil');
INSERT INTO `SUPPLIERS` (`SUPPLIER_ID`, `CITY`, `SUPPLIER_NAME`) VALUES (7, 'Port Shayne', 'McLaughlin-Rutherford');
INSERT INTO `SUPPLIERS` (`SUPPLIER_ID`, `CITY`, `SUPPLIER_NAME`) VALUES (8, 'East Nigelmouth', 'Brown, Lind and Stark');
INSERT INTO `SUPPLIERS` (`SUPPLIER_ID`, `CITY`, `SUPPLIER_NAME`) VALUES (9, 'North Budview', 'Goodwin LLC');
INSERT INTO `SUPPLIERS` (`SUPPLIER_ID`, `CITY`, `SUPPLIER_NAME`) VALUES (10, 'Morissetteville', 'Hintz, Kris and Trantow');
INSERT INTO `SUPPLIERS` (`SUPPLIER_ID`, `CITY`, `SUPPLIER_NAME`) VALUES (11, 'North Sedrick', 'Rowe-Shields');
INSERT INTO `SUPPLIERS` (`SUPPLIER_ID`, `CITY`, `SUPPLIER_NAME`) VALUES (12, 'North Norwoodstad', 'Bashirian-Carroll');
INSERT INTO `SUPPLIERS` (`SUPPLIER_ID`, `CITY`, `SUPPLIER_NAME`) VALUES (13, 'Spencerbury', 'Green-Padberg');
INSERT INTO `SUPPLIERS` (`SUPPLIER_ID`, `CITY`, `SUPPLIER_NAME`) VALUES (14, 'Deloresmouth', 'Koss, Cole and Hegmann');
INSERT INTO `SUPPLIERS` (`SUPPLIER_ID`, `CITY`, `SUPPLIER_NAME`) VALUES (15, 'South Wendybury', 'Walker, Halvorson and Hettinger');
INSERT INTO `SUPPLIERS` (`SUPPLIER_ID`, `CITY`, `SUPPLIER_NAME`) VALUES (16, 'Kesslerfort', 'Stokes Ltd');
INSERT INTO `SUPPLIERS` (`SUPPLIER_ID`, `CITY`, `SUPPLIER_NAME`) VALUES (17, 'Walkerton', 'Champlin, Bosco and Hoppe');
INSERT INTO `SUPPLIERS` (`SUPPLIER_ID`, `CITY`, `SUPPLIER_NAME`) VALUES (18, 'South Madelynn', 'Aufderhar Group');
INSERT INTO `SUPPLIERS` (`SUPPLIER_ID`, `CITY`, `SUPPLIER_NAME`) VALUES (19, 'North Leraton', 'Emard, Schulist and Larkin');
INSERT INTO `SUPPLIERS` (`SUPPLIER_ID`, `CITY`, `SUPPLIER_NAME`) VALUES (20, 'Greenholtland', 'Batz-Tromp');
INSERT INTO `SUPPLIERS` (`SUPPLIER_ID`, `CITY`, `SUPPLIER_NAME`) VALUES (21, 'Arthurhaven', 'Baumbach, Okuneva and Haag');
INSERT INTO `SUPPLIERS` (`SUPPLIER_ID`, `CITY`, `SUPPLIER_NAME`) VALUES (22, 'Billieside', 'Schultz PLC');
INSERT INTO `SUPPLIERS` (`SUPPLIER_ID`, `CITY`, `SUPPLIER_NAME`) VALUES (23, 'Raymundofort', 'Mann, Daugherty and Feil');
INSERT INTO `SUPPLIERS` (`SUPPLIER_ID`, `CITY`, `SUPPLIER_NAME`) VALUES (24, 'Lorinefurt', 'Lind Inc');
INSERT INTO `SUPPLIERS` (`SUPPLIER_ID`, `CITY`, `SUPPLIER_NAME`) VALUES (25, 'Gottliebport', 'Thiel, Berge and Mills');
INSERT INTO `SUPPLIERS` (`SUPPLIER_ID`, `CITY`, `SUPPLIER_NAME`) VALUES (26, 'Ludiehaven', 'Aufderhar, OKeefe and Kiehn');
INSERT INTO `SUPPLIERS` (`SUPPLIER_ID`, `CITY`, `SUPPLIER_NAME`) VALUES (27, 'New Julianaview', 'Keeling LLC');
INSERT INTO `SUPPLIERS` (`SUPPLIER_ID`, `CITY`, `SUPPLIER_NAME`) VALUES (28, 'North Katelynnfort', 'Stroman, Stanton and Denesik');
INSERT INTO `SUPPLIERS` (`SUPPLIER_ID`, `CITY`, `SUPPLIER_NAME`) VALUES (29, 'North Cedrickton', 'Wyman and Sons');
INSERT INTO `SUPPLIERS` (`SUPPLIER_ID`, `CITY`, `SUPPLIER_NAME`) VALUES (30, 'Port Devynfurt', 'Hamill, DAmore and Streich');
INSERT INTO `SUPPLIERS` (`SUPPLIER_ID`, `CITY`, `SUPPLIER_NAME`) VALUES (31, 'Lake Phyllis', 'Boyer, Gerhold and Rogahn');
INSERT INTO `SUPPLIERS` (`SUPPLIER_ID`, `CITY`, `SUPPLIER_NAME`) VALUES (32, 'West Jeremieton', 'Braun-Leuschke');
INSERT INTO `SUPPLIERS` (`SUPPLIER_ID`, `CITY`, `SUPPLIER_NAME`) VALUES (33, 'Chadrickville', 'Bruen Group');
INSERT INTO `SUPPLIERS` (`SUPPLIER_ID`, `CITY`, `SUPPLIER_NAME`) VALUES (34, 'New Aylin', 'Deckow PLC');
INSERT INTO `SUPPLIERS` (`SUPPLIER_ID`, `CITY`, `SUPPLIER_NAME`) VALUES (35, 'South Ivoryport', 'McCullough LLC');
INSERT INTO `SUPPLIERS` (`SUPPLIER_ID`, `CITY`, `SUPPLIER_NAME`) VALUES (36, 'New Justina', 'White Ltd');
INSERT INTO `SUPPLIERS` (`SUPPLIER_ID`, `CITY`, `SUPPLIER_NAME`) VALUES (37, 'Christiansenborough', 'Langosh Inc');
INSERT INTO `SUPPLIERS` (`SUPPLIER_ID`, `CITY`, `SUPPLIER_NAME`) VALUES (38, 'North Cleve', 'Heathcote, Koepp and Sanford');
INSERT INTO `SUPPLIERS` (`SUPPLIER_ID`, `CITY`, `SUPPLIER_NAME`) VALUES (39, 'Lake Stella', 'Walker, Schoen and Moore');
INSERT INTO `SUPPLIERS` (`SUPPLIER_ID`, `CITY`, `SUPPLIER_NAME`) VALUES (40, 'Davontebury', 'Brown, Kessler and Johnston');
INSERT INTO `SUPPLIERS` (`SUPPLIER_ID`, `CITY`, `SUPPLIER_NAME`) VALUES (41, 'Port Aureliaborough', 'Boyle Inc');
INSERT INTO `SUPPLIERS` (`SUPPLIER_ID`, `CITY`, `SUPPLIER_NAME`) VALUES (42, 'Port Shanelle', 'Wuckert, Feest and Schoen');
INSERT INTO `SUPPLIERS` (`SUPPLIER_ID`, `CITY`, `SUPPLIER_NAME`) VALUES (43, 'Hartmannchester', 'Durgan Ltd');
INSERT INTO `SUPPLIERS` (`SUPPLIER_ID`, `CITY`, `SUPPLIER_NAME`) VALUES (44, 'New Micah', 'Kirlin PLC');
INSERT INTO `SUPPLIERS` (`SUPPLIER_ID`, `CITY`, `SUPPLIER_NAME`) VALUES (45, 'Homenickmouth', 'Heller-Cole');
INSERT INTO `SUPPLIERS` (`SUPPLIER_ID`, `CITY`, `SUPPLIER_NAME`) VALUES (46, 'Kraigstad', 'Schimmel-Hartmann');
INSERT INTO `SUPPLIERS` (`SUPPLIER_ID`, `CITY`, `SUPPLIER_NAME`) VALUES (47, 'Moorestad', 'Gulgowski Inc');
INSERT INTO `SUPPLIERS` (`SUPPLIER_ID`, `CITY`, `SUPPLIER_NAME`) VALUES (48, 'Jerdestad', 'Rosenbaum-Hackett');
INSERT INTO `SUPPLIERS` (`SUPPLIER_ID`, `CITY`, `SUPPLIER_NAME`) VALUES (49, 'Port Christophe', 'Weber-Hilll');
INSERT INTO `SUPPLIERS` (`SUPPLIER_ID`, `CITY`, `SUPPLIER_NAME`) VALUES (50, 'Port Monahaven', 'Koelpin-Moen');
INSERT INTO `SUPPLIERS` (`SUPPLIER_ID`, `CITY`, `SUPPLIER_NAME`) VALUES (51, 'New Marinastad', 'Mayert, Cartwright and Crona');
INSERT INTO `SUPPLIERS` (`SUPPLIER_ID`, `CITY`, `SUPPLIER_NAME`) VALUES (52, 'Helenberg', 'Ritchie, Kohler and DuBuque');
INSERT INTO `SUPPLIERS` (`SUPPLIER_ID`, `CITY`, `SUPPLIER_NAME`) VALUES (53, 'Barneymouth', 'Kuhic Group');
INSERT INTO `SUPPLIERS` (`SUPPLIER_ID`, `CITY`, `SUPPLIER_NAME`) VALUES (54, 'New Marcella', 'Smith, Romaguera and Donnelly');
INSERT INTO `SUPPLIERS` (`SUPPLIER_ID`, `CITY`, `SUPPLIER_NAME`) VALUES (55, 'McClurefurt', 'Wintheiser Group');
INSERT INTO `SUPPLIERS` (`SUPPLIER_ID`, `CITY`, `SUPPLIER_NAME`) VALUES (56, 'Sheilaberg', 'Koch-Doyle');
INSERT INTO `SUPPLIERS` (`SUPPLIER_ID`, `CITY`, `SUPPLIER_NAME`) VALUES (57, 'West Aydenhaven', 'Kessler-Boyer');
INSERT INTO `SUPPLIERS` (`SUPPLIER_ID`, `CITY`, `SUPPLIER_NAME`) VALUES (58, 'East Leathaland', 'Howell PLC');
INSERT INTO `SUPPLIERS` (`SUPPLIER_ID`, `CITY`, `SUPPLIER_NAME`) VALUES (59, 'Mayville', 'Ebert-Halvorson');
INSERT INTO `SUPPLIERS` (`SUPPLIER_ID`, `CITY`, `SUPPLIER_NAME`) VALUES (60, 'Greenholtberg', 'VonRueden LLC');
INSERT INTO `SUPPLIERS` (`SUPPLIER_ID`, `CITY`, `SUPPLIER_NAME`) VALUES (61, 'South Ellaview', 'Kovacek, Murazik and Dickens');
INSERT INTO `SUPPLIERS` (`SUPPLIER_ID`, `CITY`, `SUPPLIER_NAME`) VALUES (62, 'South Adolffurt', 'Collier-Rempel');
INSERT INTO `SUPPLIERS` (`SUPPLIER_ID`, `CITY`, `SUPPLIER_NAME`) VALUES (63, 'Schowaltermouth', 'Barrows, Jerde and Cole');
INSERT INTO `SUPPLIERS` (`SUPPLIER_ID`, `CITY`, `SUPPLIER_NAME`) VALUES (64, 'Port Ambroseview', 'Wilderman-Schroeder');
INSERT INTO `SUPPLIERS` (`SUPPLIER_ID`, `CITY`, `SUPPLIER_NAME`) VALUES (65, 'South Zeldachester', 'Christiansen LLC');
INSERT INTO `SUPPLIERS` (`SUPPLIER_ID`, `CITY`, `SUPPLIER_NAME`) VALUES (66, 'Jabariburgh', 'Barrows, Sawayn and Hills');
INSERT INTO `SUPPLIERS` (`SUPPLIER_ID`, `CITY`, `SUPPLIER_NAME`) VALUES (67, 'South Jakaylatown', 'Corwin PLC');
INSERT INTO `SUPPLIERS` (`SUPPLIER_ID`, `CITY`, `SUPPLIER_NAME`) VALUES (68, 'Moorefurt', 'Morar Group');
INSERT INTO `SUPPLIERS` (`SUPPLIER_ID`, `CITY`, `SUPPLIER_NAME`) VALUES (69, 'Ernsertown', 'Kuvalis-McGlynn');
INSERT INTO `SUPPLIERS` (`SUPPLIER_ID`, `CITY`, `SUPPLIER_NAME`) VALUES (70, 'Loweport', 'Rogahn PLC');
INSERT INTO `SUPPLIERS` (`SUPPLIER_ID`, `CITY`, `SUPPLIER_NAME`) VALUES (71, 'Gutkowskistad', 'Mayert-Kemmer');
INSERT INTO `SUPPLIERS` (`SUPPLIER_ID`, `CITY`, `SUPPLIER_NAME`) VALUES (72, 'Juneland', 'Bartell-OHara');
INSERT INTO `SUPPLIERS` (`SUPPLIER_ID`, `CITY`, `SUPPLIER_NAME`) VALUES (73, 'Lefflerport', 'Dare, Batz and Lebsack');
INSERT INTO `SUPPLIERS` (`SUPPLIER_ID`, `CITY`, `SUPPLIER_NAME`) VALUES (74, 'Kovacekville', 'Ryan-Olson');
INSERT INTO `SUPPLIERS` (`SUPPLIER_ID`, `CITY`, `SUPPLIER_NAME`) VALUES (75, 'Cormierfurt', 'Hagenes PLC');
INSERT INTO `SUPPLIERS` (`SUPPLIER_ID`, `CITY`, `SUPPLIER_NAME`) VALUES (76, 'Trentonmouth', 'Robel-Mosciski');
INSERT INTO `SUPPLIERS` (`SUPPLIER_ID`, `CITY`, `SUPPLIER_NAME`) VALUES (77, 'West Jacklyn', 'Erdman-Powlowski');
INSERT INTO `SUPPLIERS` (`SUPPLIER_ID`, `CITY`, `SUPPLIER_NAME`) VALUES (78, 'Boehmville', 'Ondricka, Nitzsche and Schaefer');
INSERT INTO `SUPPLIERS` (`SUPPLIER_ID`, `CITY`, `SUPPLIER_NAME`) VALUES (79, 'South Damon', 'Bartell, Vandervort and Langworth');
INSERT INTO `SUPPLIERS` (`SUPPLIER_ID`, `CITY`, `SUPPLIER_NAME`) VALUES (80, 'Greenholtburgh', 'McGlynn Group');
INSERT INTO `SUPPLIERS` (`SUPPLIER_ID`, `CITY`, `SUPPLIER_NAME`) VALUES (81, 'Lake Stefan', 'Schultz-Barrows');
INSERT INTO `SUPPLIERS` (`SUPPLIER_ID`, `CITY`, `SUPPLIER_NAME`) VALUES (82, 'Karleehaven', 'Morissette-Crooks');
INSERT INTO `SUPPLIERS` (`SUPPLIER_ID`, `CITY`, `SUPPLIER_NAME`) VALUES (83, 'Kossport', 'Walker, Cummings and Upton');
INSERT INTO `SUPPLIERS` (`SUPPLIER_ID`, `CITY`, `SUPPLIER_NAME`) VALUES (84, 'Lake Jenniferchester', 'Hodkiewicz, Daniel and Haag');
INSERT INTO `SUPPLIERS` (`SUPPLIER_ID`, `CITY`, `SUPPLIER_NAME`) VALUES (85, 'Kutchchester', 'Kuphal-Jaskolski');
INSERT INTO `SUPPLIERS` (`SUPPLIER_ID`, `CITY`, `SUPPLIER_NAME`) VALUES (86, 'Silastown', 'Hackett-Donnelly');
INSERT INTO `SUPPLIERS` (`SUPPLIER_ID`, `CITY`, `SUPPLIER_NAME`) VALUES (87, 'Mosesland', 'Turner, Abernathy and Schaefer');
INSERT INTO `SUPPLIERS` (`SUPPLIER_ID`, `CITY`, `SUPPLIER_NAME`) VALUES (88, 'Port Asia', 'Nienow-Nicolas');
INSERT INTO `SUPPLIERS` (`SUPPLIER_ID`, `CITY`, `SUPPLIER_NAME`) VALUES (89, 'Fredaburgh', 'Eichmann, Paucek and Grady');
INSERT INTO `SUPPLIERS` (`SUPPLIER_ID`, `CITY`, `SUPPLIER_NAME`) VALUES (90, 'Pacochaburgh', 'Bechtelar-Lebsack');
INSERT INTO `SUPPLIERS` (`SUPPLIER_ID`, `CITY`, `SUPPLIER_NAME`) VALUES (91, 'Otiliastad', 'Tillman-Littel');
INSERT INTO `SUPPLIERS` (`SUPPLIER_ID`, `CITY`, `SUPPLIER_NAME`) VALUES (92, 'Port Haleigh', 'Hauck Group');
INSERT INTO `SUPPLIERS` (`SUPPLIER_ID`, `CITY`, `SUPPLIER_NAME`) VALUES (93, 'Haleystad', 'Schamberger, Howe and Klocko');
INSERT INTO `SUPPLIERS` (`SUPPLIER_ID`, `CITY`, `SUPPLIER_NAME`) VALUES (94, 'East Marta', 'Anderson-Gorczany');
INSERT INTO `SUPPLIERS` (`SUPPLIER_ID`, `CITY`, `SUPPLIER_NAME`) VALUES (95, 'Welchside', 'Beer-Gerhold');
INSERT INTO `SUPPLIERS` (`SUPPLIER_ID`, `CITY`, `SUPPLIER_NAME`) VALUES (96, 'Starkshire', 'Kemmer-Kshlerin');
INSERT INTO `SUPPLIERS` (`SUPPLIER_ID`, `CITY`, `SUPPLIER_NAME`) VALUES (97, 'Lake Eleanoraview', 'Stamm and Sons');
INSERT INTO `SUPPLIERS` (`SUPPLIER_ID`, `CITY`, `SUPPLIER_NAME`) VALUES (98, 'East Giovani', 'Schmeler and Sons');
INSERT INTO `SUPPLIERS` (`SUPPLIER_ID`, `CITY`, `SUPPLIER_NAME`) VALUES (99, 'Klingmouth', 'Luettgen, Bins and Zemlak');
INSERT INTO `SUPPLIERS` (`SUPPLIER_ID`, `CITY`, `SUPPLIER_NAME`) VALUES (100, 'New Lewisshire', 'Brakus, Bashirian and Trantow');


--TABLE STRUCTURE FOR: SUPPLIER_PRODUCTS
--
--
--DROP TABLE IF EXISTS `SUPPLIER_PRODUCTS`;
--
--CREATE TABLE `SUPPLIER_PRODUCTS` (
--  `SUPPLIER_PRODUCTS_ID` int(19) NOT NULL AUTO_INCREMENT,
--  `PRODUCT_ID` int(19) NOT NULL,
--  `SUPPLIER_ID` int(19) NOT NULL,
--  PRIMARY KEY (`SUPPLIER_PRODUCTS_ID`),
--  KEY `PK_SUPPLIER_PRODUCTS_SUPPLIERS` (`SUPPLIER_ID`),
--  KEY `PK_SUPPLIER_PRODUCTS_PRODUCTS` (`PRODUCT_ID`),
--  CONSTRAINT `PK_SUPPLIER_PRODUCTS_PRODUCTS` FOREIGN KEY (`PRODUCT_ID`) REFERENCES `PRODUCTS` (`PRODUCT_ID`) ON UPDATE CASCADE,
--  CONSTRAINT `PK_SUPPLIER_PRODUCTS_SUPPLIERS` FOREIGN KEY (`SUPPLIER_ID`) REFERENCES `SUPPLIERS` (`SUPPLIER_ID`) ON UPDATE CASCADE
--) ENGINE=InnoDB AUTO_INCREMENT=101 DEFAULT CHARSET=utf8 COLLATE=utf8_unicode_ci;

INSERT INTO `SUPPLIER_PRODUCTS` (`SUPPLIER_PRODUCTS_ID`, `PRODUCT_ID`, `SUPPLIER_ID`) VALUES (1, 7, 38);
INSERT INTO `SUPPLIER_PRODUCTS` (`SUPPLIER_PRODUCTS_ID`, `PRODUCT_ID`, `SUPPLIER_ID`) VALUES (2, 28, 95);
INSERT INTO `SUPPLIER_PRODUCTS` (`SUPPLIER_PRODUCTS_ID`, `PRODUCT_ID`, `SUPPLIER_ID`) VALUES (3, 16, 29);
INSERT INTO `SUPPLIER_PRODUCTS` (`SUPPLIER_PRODUCTS_ID`, `PRODUCT_ID`, `SUPPLIER_ID`) VALUES (4, 7, 65);
INSERT INTO `SUPPLIER_PRODUCTS` (`SUPPLIER_PRODUCTS_ID`, `PRODUCT_ID`, `SUPPLIER_ID`) VALUES (5, 5, 27);
INSERT INTO `SUPPLIER_PRODUCTS` (`SUPPLIER_PRODUCTS_ID`, `PRODUCT_ID`, `SUPPLIER_ID`) VALUES (6, 28, 70);
INSERT INTO `SUPPLIER_PRODUCTS` (`SUPPLIER_PRODUCTS_ID`, `PRODUCT_ID`, `SUPPLIER_ID`) VALUES (7, 15, 7);
INSERT INTO `SUPPLIER_PRODUCTS` (`SUPPLIER_PRODUCTS_ID`, `PRODUCT_ID`, `SUPPLIER_ID`) VALUES (8, 14, 99);
INSERT INTO `SUPPLIER_PRODUCTS` (`SUPPLIER_PRODUCTS_ID`, `PRODUCT_ID`, `SUPPLIER_ID`) VALUES (9, 19, 25);
INSERT INTO `SUPPLIER_PRODUCTS` (`SUPPLIER_PRODUCTS_ID`, `PRODUCT_ID`, `SUPPLIER_ID`) VALUES (10, 1, 58);
INSERT INTO `SUPPLIER_PRODUCTS` (`SUPPLIER_PRODUCTS_ID`, `PRODUCT_ID`, `SUPPLIER_ID`) VALUES (11, 26, 34);
INSERT INTO `SUPPLIER_PRODUCTS` (`SUPPLIER_PRODUCTS_ID`, `PRODUCT_ID`, `SUPPLIER_ID`) VALUES (12, 23, 18);
INSERT INTO `SUPPLIER_PRODUCTS` (`SUPPLIER_PRODUCTS_ID`, `PRODUCT_ID`, `SUPPLIER_ID`) VALUES (13, 16, 86);
INSERT INTO `SUPPLIER_PRODUCTS` (`SUPPLIER_PRODUCTS_ID`, `PRODUCT_ID`, `SUPPLIER_ID`) VALUES (14, 8, 82);
INSERT INTO `SUPPLIER_PRODUCTS` (`SUPPLIER_PRODUCTS_ID`, `PRODUCT_ID`, `SUPPLIER_ID`) VALUES (15, 20, 82);
INSERT INTO `SUPPLIER_PRODUCTS` (`SUPPLIER_PRODUCTS_ID`, `PRODUCT_ID`, `SUPPLIER_ID`) VALUES (16, 1, 87);
INSERT INTO `SUPPLIER_PRODUCTS` (`SUPPLIER_PRODUCTS_ID`, `PRODUCT_ID`, `SUPPLIER_ID`) VALUES (17, 6, 94);
INSERT INTO `SUPPLIER_PRODUCTS` (`SUPPLIER_PRODUCTS_ID`, `PRODUCT_ID`, `SUPPLIER_ID`) VALUES (18, 25, 73);
INSERT INTO `SUPPLIER_PRODUCTS` (`SUPPLIER_PRODUCTS_ID`, `PRODUCT_ID`, `SUPPLIER_ID`) VALUES (19, 7, 4);
INSERT INTO `SUPPLIER_PRODUCTS` (`SUPPLIER_PRODUCTS_ID`, `PRODUCT_ID`, `SUPPLIER_ID`) VALUES (20, 12, 36);
INSERT INTO `SUPPLIER_PRODUCTS` (`SUPPLIER_PRODUCTS_ID`, `PRODUCT_ID`, `SUPPLIER_ID`) VALUES (21, 10, 28);
INSERT INTO `SUPPLIER_PRODUCTS` (`SUPPLIER_PRODUCTS_ID`, `PRODUCT_ID`, `SUPPLIER_ID`) VALUES (22, 2, 79);
INSERT INTO `SUPPLIER_PRODUCTS` (`SUPPLIER_PRODUCTS_ID`, `PRODUCT_ID`, `SUPPLIER_ID`) VALUES (23, 11, 50);
INSERT INTO `SUPPLIER_PRODUCTS` (`SUPPLIER_PRODUCTS_ID`, `PRODUCT_ID`, `SUPPLIER_ID`) VALUES (24, 23, 98);
INSERT INTO `SUPPLIER_PRODUCTS` (`SUPPLIER_PRODUCTS_ID`, `PRODUCT_ID`, `SUPPLIER_ID`) VALUES (25, 23, 80);
INSERT INTO `SUPPLIER_PRODUCTS` (`SUPPLIER_PRODUCTS_ID`, `PRODUCT_ID`, `SUPPLIER_ID`) VALUES (26, 17, 60);
INSERT INTO `SUPPLIER_PRODUCTS` (`SUPPLIER_PRODUCTS_ID`, `PRODUCT_ID`, `SUPPLIER_ID`) VALUES (27, 5, 29);
INSERT INTO `SUPPLIER_PRODUCTS` (`SUPPLIER_PRODUCTS_ID`, `PRODUCT_ID`, `SUPPLIER_ID`) VALUES (28, 24, 65);
INSERT INTO `SUPPLIER_PRODUCTS` (`SUPPLIER_PRODUCTS_ID`, `PRODUCT_ID`, `SUPPLIER_ID`) VALUES (29, 5, 4);
INSERT INTO `SUPPLIER_PRODUCTS` (`SUPPLIER_PRODUCTS_ID`, `PRODUCT_ID`, `SUPPLIER_ID`) VALUES (30, 14, 79);
INSERT INTO `SUPPLIER_PRODUCTS` (`SUPPLIER_PRODUCTS_ID`, `PRODUCT_ID`, `SUPPLIER_ID`) VALUES (31, 26, 48);
INSERT INTO `SUPPLIER_PRODUCTS` (`SUPPLIER_PRODUCTS_ID`, `PRODUCT_ID`, `SUPPLIER_ID`) VALUES (32, 20, 5);
INSERT INTO `SUPPLIER_PRODUCTS` (`SUPPLIER_PRODUCTS_ID`, `PRODUCT_ID`, `SUPPLIER_ID`) VALUES (33, 13, 45);
INSERT INTO `SUPPLIER_PRODUCTS` (`SUPPLIER_PRODUCTS_ID`, `PRODUCT_ID`, `SUPPLIER_ID`) VALUES (34, 23, 63);
INSERT INTO `SUPPLIER_PRODUCTS` (`SUPPLIER_PRODUCTS_ID`, `PRODUCT_ID`, `SUPPLIER_ID`) VALUES (35, 15, 14);
INSERT INTO `SUPPLIER_PRODUCTS` (`SUPPLIER_PRODUCTS_ID`, `PRODUCT_ID`, `SUPPLIER_ID`) VALUES (36, 30, 80);
INSERT INTO `SUPPLIER_PRODUCTS` (`SUPPLIER_PRODUCTS_ID`, `PRODUCT_ID`, `SUPPLIER_ID`) VALUES (37, 13, 4);
INSERT INTO `SUPPLIER_PRODUCTS` (`SUPPLIER_PRODUCTS_ID`, `PRODUCT_ID`, `SUPPLIER_ID`) VALUES (38, 18, 76);
INSERT INTO `SUPPLIER_PRODUCTS` (`SUPPLIER_PRODUCTS_ID`, `PRODUCT_ID`, `SUPPLIER_ID`) VALUES (39, 17, 35);
INSERT INTO `SUPPLIER_PRODUCTS` (`SUPPLIER_PRODUCTS_ID`, `PRODUCT_ID`, `SUPPLIER_ID`) VALUES (40, 22, 29);
INSERT INTO `SUPPLIER_PRODUCTS` (`SUPPLIER_PRODUCTS_ID`, `PRODUCT_ID`, `SUPPLIER_ID`) VALUES (41, 5, 27);
INSERT INTO `SUPPLIER_PRODUCTS` (`SUPPLIER_PRODUCTS_ID`, `PRODUCT_ID`, `SUPPLIER_ID`) VALUES (42, 27, 28);
INSERT INTO `SUPPLIER_PRODUCTS` (`SUPPLIER_PRODUCTS_ID`, `PRODUCT_ID`, `SUPPLIER_ID`) VALUES (43, 17, 66);
INSERT INTO `SUPPLIER_PRODUCTS` (`SUPPLIER_PRODUCTS_ID`, `PRODUCT_ID`, `SUPPLIER_ID`) VALUES (44, 28, 70);
INSERT INTO `SUPPLIER_PRODUCTS` (`SUPPLIER_PRODUCTS_ID`, `PRODUCT_ID`, `SUPPLIER_ID`) VALUES (45, 21, 39);
INSERT INTO `SUPPLIER_PRODUCTS` (`SUPPLIER_PRODUCTS_ID`, `PRODUCT_ID`, `SUPPLIER_ID`) VALUES (46, 15, 54);
INSERT INTO `SUPPLIER_PRODUCTS` (`SUPPLIER_PRODUCTS_ID`, `PRODUCT_ID`, `SUPPLIER_ID`) VALUES (47, 26, 12);
INSERT INTO `SUPPLIER_PRODUCTS` (`SUPPLIER_PRODUCTS_ID`, `PRODUCT_ID`, `SUPPLIER_ID`) VALUES (48, 18, 27);
INSERT INTO `SUPPLIER_PRODUCTS` (`SUPPLIER_PRODUCTS_ID`, `PRODUCT_ID`, `SUPPLIER_ID`) VALUES (49, 18, 35);
INSERT INTO `SUPPLIER_PRODUCTS` (`SUPPLIER_PRODUCTS_ID`, `PRODUCT_ID`, `SUPPLIER_ID`) VALUES (50, 27, 6);
INSERT INTO `SUPPLIER_PRODUCTS` (`SUPPLIER_PRODUCTS_ID`, `PRODUCT_ID`, `SUPPLIER_ID`) VALUES (51, 15, 88);
INSERT INTO `SUPPLIER_PRODUCTS` (`SUPPLIER_PRODUCTS_ID`, `PRODUCT_ID`, `SUPPLIER_ID`) VALUES (52, 26, 89);
INSERT INTO `SUPPLIER_PRODUCTS` (`SUPPLIER_PRODUCTS_ID`, `PRODUCT_ID`, `SUPPLIER_ID`) VALUES (53, 28, 44);
INSERT INTO `SUPPLIER_PRODUCTS` (`SUPPLIER_PRODUCTS_ID`, `PRODUCT_ID`, `SUPPLIER_ID`) VALUES (54, 20, 45);
INSERT INTO `SUPPLIER_PRODUCTS` (`SUPPLIER_PRODUCTS_ID`, `PRODUCT_ID`, `SUPPLIER_ID`) VALUES (55, 24, 37);
INSERT INTO `SUPPLIER_PRODUCTS` (`SUPPLIER_PRODUCTS_ID`, `PRODUCT_ID`, `SUPPLIER_ID`) VALUES (56, 22, 93);
INSERT INTO `SUPPLIER_PRODUCTS` (`SUPPLIER_PRODUCTS_ID`, `PRODUCT_ID`, `SUPPLIER_ID`) VALUES (57, 19, 61);
INSERT INTO `SUPPLIER_PRODUCTS` (`SUPPLIER_PRODUCTS_ID`, `PRODUCT_ID`, `SUPPLIER_ID`) VALUES (58, 7, 19);
INSERT INTO `SUPPLIER_PRODUCTS` (`SUPPLIER_PRODUCTS_ID`, `PRODUCT_ID`, `SUPPLIER_ID`) VALUES (59, 8, 13);
INSERT INTO `SUPPLIER_PRODUCTS` (`SUPPLIER_PRODUCTS_ID`, `PRODUCT_ID`, `SUPPLIER_ID`) VALUES (60, 27, 95);
INSERT INTO `SUPPLIER_PRODUCTS` (`SUPPLIER_PRODUCTS_ID`, `PRODUCT_ID`, `SUPPLIER_ID`) VALUES (61, 16, 36);
INSERT INTO `SUPPLIER_PRODUCTS` (`SUPPLIER_PRODUCTS_ID`, `PRODUCT_ID`, `SUPPLIER_ID`) VALUES (62, 15, 37);
INSERT INTO `SUPPLIER_PRODUCTS` (`SUPPLIER_PRODUCTS_ID`, `PRODUCT_ID`, `SUPPLIER_ID`) VALUES (63, 15, 7);
INSERT INTO `SUPPLIER_PRODUCTS` (`SUPPLIER_PRODUCTS_ID`, `PRODUCT_ID`, `SUPPLIER_ID`) VALUES (64, 19, 5);
INSERT INTO `SUPPLIER_PRODUCTS` (`SUPPLIER_PRODUCTS_ID`, `PRODUCT_ID`, `SUPPLIER_ID`) VALUES (65, 13, 52);
INSERT INTO `SUPPLIER_PRODUCTS` (`SUPPLIER_PRODUCTS_ID`, `PRODUCT_ID`, `SUPPLIER_ID`) VALUES (66, 4, 88);
INSERT INTO `SUPPLIER_PRODUCTS` (`SUPPLIER_PRODUCTS_ID`, `PRODUCT_ID`, `SUPPLIER_ID`) VALUES (67, 12, 97);
INSERT INTO `SUPPLIER_PRODUCTS` (`SUPPLIER_PRODUCTS_ID`, `PRODUCT_ID`, `SUPPLIER_ID`) VALUES (68, 23, 30);
INSERT INTO `SUPPLIER_PRODUCTS` (`SUPPLIER_PRODUCTS_ID`, `PRODUCT_ID`, `SUPPLIER_ID`) VALUES (69, 13, 40);
INSERT INTO `SUPPLIER_PRODUCTS` (`SUPPLIER_PRODUCTS_ID`, `PRODUCT_ID`, `SUPPLIER_ID`) VALUES (70, 23, 19);
INSERT INTO `SUPPLIER_PRODUCTS` (`SUPPLIER_PRODUCTS_ID`, `PRODUCT_ID`, `SUPPLIER_ID`) VALUES (71, 23, 48);
INSERT INTO `SUPPLIER_PRODUCTS` (`SUPPLIER_PRODUCTS_ID`, `PRODUCT_ID`, `SUPPLIER_ID`) VALUES (72, 4, 40);
INSERT INTO `SUPPLIER_PRODUCTS` (`SUPPLIER_PRODUCTS_ID`, `PRODUCT_ID`, `SUPPLIER_ID`) VALUES (73, 3, 32);
INSERT INTO `SUPPLIER_PRODUCTS` (`SUPPLIER_PRODUCTS_ID`, `PRODUCT_ID`, `SUPPLIER_ID`) VALUES (74, 18, 34);
INSERT INTO `SUPPLIER_PRODUCTS` (`SUPPLIER_PRODUCTS_ID`, `PRODUCT_ID`, `SUPPLIER_ID`) VALUES (75, 14, 46);
INSERT INTO `SUPPLIER_PRODUCTS` (`SUPPLIER_PRODUCTS_ID`, `PRODUCT_ID`, `SUPPLIER_ID`) VALUES (76, 9, 95);
INSERT INTO `SUPPLIER_PRODUCTS` (`SUPPLIER_PRODUCTS_ID`, `PRODUCT_ID`, `SUPPLIER_ID`) VALUES (77, 25, 77);
INSERT INTO `SUPPLIER_PRODUCTS` (`SUPPLIER_PRODUCTS_ID`, `PRODUCT_ID`, `SUPPLIER_ID`) VALUES (78, 10, 30);
INSERT INTO `SUPPLIER_PRODUCTS` (`SUPPLIER_PRODUCTS_ID`, `PRODUCT_ID`, `SUPPLIER_ID`) VALUES (79, 25, 94);
INSERT INTO `SUPPLIER_PRODUCTS` (`SUPPLIER_PRODUCTS_ID`, `PRODUCT_ID`, `SUPPLIER_ID`) VALUES (80, 11, 24);
INSERT INTO `SUPPLIER_PRODUCTS` (`SUPPLIER_PRODUCTS_ID`, `PRODUCT_ID`, `SUPPLIER_ID`) VALUES (81, 14, 46);
INSERT INTO `SUPPLIER_PRODUCTS` (`SUPPLIER_PRODUCTS_ID`, `PRODUCT_ID`, `SUPPLIER_ID`) VALUES (82, 4, 84);
INSERT INTO `SUPPLIER_PRODUCTS` (`SUPPLIER_PRODUCTS_ID`, `PRODUCT_ID`, `SUPPLIER_ID`) VALUES (83, 13, 87);
INSERT INTO `SUPPLIER_PRODUCTS` (`SUPPLIER_PRODUCTS_ID`, `PRODUCT_ID`, `SUPPLIER_ID`) VALUES (84, 4, 82);
INSERT INTO `SUPPLIER_PRODUCTS` (`SUPPLIER_PRODUCTS_ID`, `PRODUCT_ID`, `SUPPLIER_ID`) VALUES (85, 8, 88);
INSERT INTO `SUPPLIER_PRODUCTS` (`SUPPLIER_PRODUCTS_ID`, `PRODUCT_ID`, `SUPPLIER_ID`) VALUES (86, 1, 2);
INSERT INTO `SUPPLIER_PRODUCTS` (`SUPPLIER_PRODUCTS_ID`, `PRODUCT_ID`, `SUPPLIER_ID`) VALUES (87, 11, 12);
INSERT INTO `SUPPLIER_PRODUCTS` (`SUPPLIER_PRODUCTS_ID`, `PRODUCT_ID`, `SUPPLIER_ID`) VALUES (88, 13, 44);
INSERT INTO `SUPPLIER_PRODUCTS` (`SUPPLIER_PRODUCTS_ID`, `PRODUCT_ID`, `SUPPLIER_ID`) VALUES (89, 13, 99);
INSERT INTO `SUPPLIER_PRODUCTS` (`SUPPLIER_PRODUCTS_ID`, `PRODUCT_ID`, `SUPPLIER_ID`) VALUES (90, 24, 87);
INSERT INTO `SUPPLIER_PRODUCTS` (`SUPPLIER_PRODUCTS_ID`, `PRODUCT_ID`, `SUPPLIER_ID`) VALUES (91, 14, 6);
INSERT INTO `SUPPLIER_PRODUCTS` (`SUPPLIER_PRODUCTS_ID`, `PRODUCT_ID`, `SUPPLIER_ID`) VALUES (92, 25, 27);
INSERT INTO `SUPPLIER_PRODUCTS` (`SUPPLIER_PRODUCTS_ID`, `PRODUCT_ID`, `SUPPLIER_ID`) VALUES (93, 25, 13);
INSERT INTO `SUPPLIER_PRODUCTS` (`SUPPLIER_PRODUCTS_ID`, `PRODUCT_ID`, `SUPPLIER_ID`) VALUES (94, 17, 65);
INSERT INTO `SUPPLIER_PRODUCTS` (`SUPPLIER_PRODUCTS_ID`, `PRODUCT_ID`, `SUPPLIER_ID`) VALUES (95, 2, 91);
INSERT INTO `SUPPLIER_PRODUCTS` (`SUPPLIER_PRODUCTS_ID`, `PRODUCT_ID`, `SUPPLIER_ID`) VALUES (96, 27, 52);
INSERT INTO `SUPPLIER_PRODUCTS` (`SUPPLIER_PRODUCTS_ID`, `PRODUCT_ID`, `SUPPLIER_ID`) VALUES (97, 11, 99);
INSERT INTO `SUPPLIER_PRODUCTS` (`SUPPLIER_PRODUCTS_ID`, `PRODUCT_ID`, `SUPPLIER_ID`) VALUES (98, 11, 78);
INSERT INTO `SUPPLIER_PRODUCTS` (`SUPPLIER_PRODUCTS_ID`, `PRODUCT_ID`, `SUPPLIER_ID`) VALUES (99, 26, 48);
INSERT INTO `SUPPLIER_PRODUCTS` (`SUPPLIER_PRODUCTS_ID`, `PRODUCT_ID`, `SUPPLIER_ID`) VALUES (100, 18, 12);
